video_id,youtube_id,drama_title,candidate_start,candidate_end,accepted,total_score,sharpness_score,expected_season,season_score,detected_season,rejection_reasons
Lovely Runner_01,nypQChEVN0c,선재 업고 튀어,0.15,4.55,False,0.655463,0.66792,봄,0.453,겨울,다른 계절 단서가 더 강함(겨울)
Lovely Runner_02,-0MpUmWNN_k,선재 업고 튀어,0.15,4.05,False,0.6921,0.9891,봄,0.14642,가을,입력 계절 단서 부족(봄 0.146) / 다른 계절 단서가 더 강함(가을)
Lovely Runner_02,-0MpUmWNN_k,선재 업고 튀어,17.95,22.3,False,0.721065,0.97969,봄,0.40786,가을,다른 계절 단서가 더 강함(가을)
Lovely Runner_02,-0MpUmWNN_k,선재 업고 튀어,32.2,37.05,False,0.670822,0.97846,봄,0.12925,가을,입력 계절 단서 부족(봄 0.129) / 다른 계절 단서가 더 강함(가을)
Lovely Runner_02,-0MpUmWNN_k,선재 업고 튀어,37.95,44.05,False,0.68418,0.9668,봄,0.24799,가을,암부 비율 초과(35.1%) / 입력 계절 단서 부족(봄 0.248) / 다른 계절 단서가 더 강함(가을)
Lovely Runner_02,-0MpUmWNN_k,선재 업고 튀어,44.95,48.55,False,0.685359,0.97127,봄,0.27304,가을,암부 비율 초과(33.0%) / 입력 계절 단서 부족(봄 0.273) / 다른 계절 단서가 더 강함(가을)
Lovely Runner_02,-0MpUmWNN_k,선재 업고 튀어,49.45,55.3,False,0.667689,0.96922,봄,0.20378,가을,화면이 너무 어두움(41.8) / 암부 비율 초과(36.0%) / 입력 계절 단서 부족(봄 0.204) / 다른 계절 단서가 더 강함(가을)
Lovely Runner_02,-0MpUmWNN_k,선재 업고 튀어,56.2,65.3,False,0.678621,0.9709,봄,0.18237,가을,입력 계절 단서 부족(봄 0.182) / 다른 계절 단서가 더 강함(가을)
Lovely Runner_02,-0MpUmWNN_k,선재 업고 튀어,66.2,70.05,False,0.680186,0.99183,봄,0.0977,가을,입력 계절 단서 부족(봄 0.098) / 다른 계절 단서가 더 강함(가을)
Lovely Runner_02,-0MpUmWNN_k,선재 업고 튀어,78.55,88.55,False,0.647825,0.96832,봄,0.16343,가을,암부 비율 초과(36.0%) / 입력 계절 단서 부족(봄 0.163) / 다른 계절 단서가 더 강함(가을)
Lovely Runner_02,-0MpUmWNN_k,선재 업고 튀어,91.7,96.05,False,0.658081,0.98116,봄,0.07946,가을,암부 비율 초과(37.1%) / 입력 계절 단서 부족(봄 0.079) / 다른 계절 단서가 더 강함(가을)
Lovely Runner_02,-0MpUmWNN_k,선재 업고 튀어,100.7,106.55,False,0.676648,0.97258,봄,0.16388,가을,암부 비율 초과(35.8%) / 입력 계절 단서 부족(봄 0.164) / 다른 계절 단서가 더 강함(가을)
Lovely Runner_02,-0MpUmWNN_k,선재 업고 튀어,120.2,123.85,False,0.708219,0.99802,봄,0.18383,겨울,입력 계절 단서 부족(봄 0.184) / 다른 계절 단서가 더 강함(겨울)
Lovely Runner_03,rbNbOuhhVT0,선재 업고 튀어,0.15,7.3,False,0.763554,0.8611,봄,0.41951,가을,다른 계절 단서가 더 강함(가을)
Lovely Runner_03,rbNbOuhhVT0,선재 업고 튀어,12.05,22.05,False,0.811713,1.0,봄,0.3791,가을,입력 계절 단서 부족(봄 0.379) / 다른 계절 단서가 더 강함(가을)
Lovely Runner_03,rbNbOuhhVT0,선재 업고 튀어,26.079,36.079,False,0.81938,1.0,봄,0.37487,가을,입력 계절 단서 부족(봄 0.375) / 다른 계절 단서가 더 강함(가을)
Lovely Runner_03,rbNbOuhhVT0,선재 업고 튀어,59.725,69.725,False,0.826874,1.0,봄,0.38362,가을,다른 계절 단서가 더 강함(가을)
Lovely Runner_03,rbNbOuhhVT0,선재 업고 튀어,81.025,91.025,False,0.82293,1.0,봄,0.40592,가을,다른 계절 단서가 더 강함(가을)
Lovely Runner_03,rbNbOuhhVT0,선재 업고 튀어,92.95,98.55,False,0.838299,1.0,봄,0.37675,가을,입력 계절 단서 부족(봄 0.377) / 다른 계절 단서가 더 강함(가을)
Lovely Runner_03,rbNbOuhhVT0,선재 업고 튀어,99.45,109.45,False,0.801484,1.0,봄,0.36096,가을,흐린 프레임 비율 초과(30.0%) / 입력 계절 단서 부족(봄 0.361) / 다른 계절 단서가 더 강함(가을)
Lovely Runner_03,rbNbOuhhVT0,선재 업고 튀어,118.625,128.625,False,0.824765,1.0,봄,0.40099,가을,다른 계절 단서가 더 강함(가을)
Lovely Runner_03,rbNbOuhhVT0,선재 업고 튀어,129.95,138.8,False,0.812037,1.0,봄,0.3659,가을,입력 계절 단서 부족(봄 0.366) / 다른 계절 단서가 더 강함(가을)
WLGYT_01,Q6qUEvQfjRs,폭싹 속았수다,0.15,9.85,True,0.886119,0.97355,봄,0.71365,여름,
WLGYT_02,rFJT5hNx2AQ,폭싹 속았수다,10.15,14.85,True,0.851123,0.95367,봄,0.53446,가을,
WLGYT_03,zY81V4VOA44,폭싹 속았수다,0.15,3.8,True,0.816978,0.845,봄,0.68887,여름,
WLGYT_03,zY81V4VOA44,폭싹 속았수다,14.45,22.85,True,0.843607,0.98335,봄,0.46065,봄,
OBS_01,nK3ge3jQrXc,그 해 우리는,262.15,270.3,False,0.7029,1.0,가을,0.20147,가을,입력 계절 단서 부족(가을 0.201)
OBS_01,nK3ge3jQrXc,그 해 우리는,278.7,282.8,True,0.883705,1.0,가을,0.67372,가을,
OBS_01,nK3ge3jQrXc,그 해 우리는,283.7,287.55,False,0.659056,0.98711,가을,0.2244,겨울,화면이 너무 어두움(36.4) / 암부 비율 초과(47.3%) / 입력 계절 단서 부족(가을 0.224)
OBS_02,tJqIDVFhsNU,그 해 우리는,3.95,8.3,False,0.759935,0.95955,여름,0.41239,여름,
OBS_02,tJqIDVFhsNU,그 해 우리는,9.2,13.55,False,0.614549,0.73597,여름,0.38231,여름,화면이 너무 어두움(41.3)
OBS_02,tJqIDVFhsNU,그 해 우리는,22.95,28.8,False,0.795988,0.89098,여름,0.62452,여름,
OBS_02,tJqIDVFhsNU,그 해 우리는,29.7,33.8,False,0.832662,1.0,겨울,0.88018,겨울,
OBS_02,tJqIDVFhsNU,그 해 우리는,35.9,45.9,False,0.830607,1.0,겨울,0.49696,겨울,
OBS_02,tJqIDVFhsNU,그 해 우리는,49.2,53.8,False,0.757372,0.95269,여름,0.35899,여름,입력 계절 단서 부족(여름 0.359)
OBS_02,tJqIDVFhsNU,그 해 우리는,54.7,58.8,False,0.826178,1.0,겨울,0.88016,겨울,화면이 너무 밝음(220.3)
OBS_02,tJqIDVFhsNU,그 해 우리는,66.7,75.3,True,0.840194,1.0,여름,0.47211,여름,
OBS_02,tJqIDVFhsNU,그 해 우리는,80.2,90.2,False,0.802041,1.0,겨울,0.36088,겨울,입력 계절 단서 부족(겨울 0.361)
OBS_02,tJqIDVFhsNU,그 해 우리는,98.45,102.55,True,0.851104,1.0,겨울,0.89652,겨울,
OBS_02,tJqIDVFhsNU,그 해 우리는,103.45,110.05,False,0.735633,0.90545,여름,0.33285,여름,입력 계절 단서 부족(여름 0.333)
OBS_02,tJqIDVFhsNU,그 해 우리는,113.95,118.55,False,0.817689,1.0,겨울,0.87,겨울,화면이 너무 밝음(226.6)
OBS_02,tJqIDVFhsNU,그 해 우리는,121.7,128.8,False,0.725865,0.84479,가을,0.49499,가을,
OBS_02,tJqIDVFhsNU,그 해 우리는,139.05,149.05,False,0.805222,1.0,겨울,0.40903,겨울,
OBS_02,tJqIDVFhsNU,그 해 우리는,154.7,158.8,False,0.807044,0.99142,겨울,0.87154,겨울,화면이 너무 밝음(230.1) / 과노출 비율 초과(26.2%)
OBS_02,tJqIDVFhsNU,그 해 우리는,160.72,170.72,False,0.798563,0.93179,가을,0.64407,가을,
OBS_02,tJqIDVFhsNU,그 해 우리는,175.7,182.8,False,0.802396,0.8918,여름,0.62458,여름,
OBS_02,tJqIDVFhsNU,그 해 우리는,190.7,195.8,True,0.900846,1.0,가을,0.7788,가을,
OBS_02,tJqIDVFhsNU,그 해 우리는,196.7,201.05,False,0.727513,0.8632,여름,0.37909,여름,입력 계절 단서 부족(여름 0.379)
OBS_03,7xQmeawhiX8,그 해 우리는,0.15,10.15,False,0.831923,0.96352,가을,0.75135,가을,암부 비율 초과(40.8%)
TFTO_01,lod4cPrl-yc,스물다섯 스물하나,202.63,212.63,False,0.796252,1.0,여름,0.22503,겨울,입력 계절 단서 부족(여름 0.225) / 다른 계절 단서가 더 강함(겨울)
TFTO_01,lod4cPrl-yc,스물다섯 스물하나,214.7,220.05,False,0.746437,1.0,여름,0.14863,가을,입력 계절 단서 부족(여름 0.149) / 다른 계절 단서가 더 강함(가을)
TFTO_01,lod4cPrl-yc,스물다섯 스물하나,220.95,229.85,False,0.692236,1.0,여름,0.15305,가을,암부 비율 초과(32.2%) / 입력 계절 단서 부족(여름 0.153) / 다른 계절 단서가 더 강함(가을)
TFTO_02,flZSgw7pP4U,스물다섯 스물하나,382.15,392.15,False,0.803523,1.0,여름,0.26181,가을,입력 계절 단서 부족(여름 0.262) / 다른 계절 단서가 더 강함(가을)
TFTO_02,flZSgw7pP4U,스물다섯 스물하나,393.45,397.3,False,0.770048,0.99348,여름,0.20605,겨울,입력 계절 단서 부족(여름 0.206) / 다른 계절 단서가 더 강함(겨울)
TFTO_02,flZSgw7pP4U,스물다섯 스물하나,398.25,408.25,False,0.793551,1.0,여름,0.23729,가을,입력 계절 단서 부족(여름 0.237) / 다른 계절 단서가 더 강함(가을)
TFTO_04,ljRH65gLa3A,스물다섯 스물하나,3.55,13.55,False,0.805772,1.0,여름,0.59828,여름,암부 비율 초과(46.8%)
TFTO_04,ljRH65gLa3A,스물다섯 스물하나,14.45,21.8,False,0.680676,0.9965,여름,0.13721,겨울,화면이 너무 어두움(38.3) / 암부 비율 초과(67.1%) / 입력 계절 단서 부족(여름 0.137) / 다른 계절 단서가 더 강함(겨울)
TFTO_04,ljRH65gLa3A,스물다섯 스물하나,22.7,32.7,False,0.802482,1.0,여름,0.58098,여름,암부 비율 초과(47.3%)
TFTO_07,6EiESTfjT_0,스물다섯 스물하나,6.95,11.05,False,0.908539,1.0,여름,0.75118,여름,
TFTO_07,6EiESTfjT_0,스물다섯 스물하나,11.95,20.3,False,0.884677,1.0,가을,0.68741,가을,
TFTO_07,6EiESTfjT_0,스물다섯 스물하나,21.2,24.8,False,0.871691,1.0,봄,0.62112,봄,
TFTO_07,6EiESTfjT_0,스물다섯 스물하나,25.7,30.05,False,0.897985,1.0,여름,0.73375,여름,
TFTO_07,6EiESTfjT_0,스물다섯 스물하나,30.95,35.05,True,0.930225,1.0,봄,0.88971,봄,
TFTO_07,6EiESTfjT_0,스물다섯 스물하나,35.95,41.55,False,0.916098,1.0,여름,0.73456,여름,
TFTO_07,6EiESTfjT_0,스물다섯 스물하나,42.45,49.8,True,0.926334,1.0,여름,0.75123,여름,
TFTO_07,6EiESTfjT_0,스물다섯 스물하나,50.7,57.05,False,0.90039,1.0,여름,0.67738,여름,
TFTO_07,6EiESTfjT_0,스물다섯 스물하나,64.45,69.55,False,0.909698,1.0,가을,0.79961,가을,
TFTO_07,6EiESTfjT_0,스물다섯 스물하나,73.45,80.05,False,0.897102,1.0,가을,0.6995,가을,
TFTO_07,6EiESTfjT_0,스물다섯 스물하나,83.45,88.3,True,0.936773,1.0,가을,0.87301,가을,
TFTO_07,6EiESTfjT_0,스물다섯 스물하나,89.2,98.3,False,0.874294,1.0,여름,0.61481,여름,
TFTO_07,6EiESTfjT_0,스물다섯 스물하나,101.45,106.85,False,0.900372,1.0,여름,0.72757,여름,
HCCC_01,UjxY3jz0znE,갯마을 차차차,305.15,311.55,True,0.947756,1.0,여름,0.9181,여름,
HCCC_01,UjxY3jz0znE,갯마을 차차차,346.663,356.663,False,0.827295,1.0,여름,0.43168,가을,다른 계절 단서가 더 강함(가을)
HCCC_01,UjxY3jz0znE,갯마을 차차차,379.7,386.8,True,0.764686,0.8431,여름,0.40822,여름,
HCCC_01,UjxY3jz0znE,갯마을 차차차,387.7,397.3,False,0.780218,0.99548,여름,0.32898,겨울,입력 계절 단서 부족(여름 0.329)
HCCC_01,UjxY3jz0znE,갯마을 차차차,398.2,408.2,True,0.931934,1.0,여름,0.83505,여름,
HCCC_01,UjxY3jz0znE,갯마을 차차차,418.55,428.55,False,0.792169,0.97898,여름,0.39095,가을,다른 계절 단서가 더 강함(가을)
HCCC_02,ch9bdaofYxM,갯마을 차차차,0.15,10.15,True,0.880696,1.0,여름,0.61471,여름,
HCCC_02,ch9bdaofYxM,갯마을 차차차,33.35,43.35,True,0.927751,1.0,여름,0.85613,여름,
HCCC_02,ch9bdaofYxM,갯마을 차차차,65.267,75.267,False,0.869045,1.0,여름,0.57795,가을,
HCCC_02,ch9bdaofYxM,갯마을 차차차,77.875,87.875,True,0.877603,1.0,여름,0.61195,가을,
HCCC_02,ch9bdaofYxM,갯마을 차차차,89.45,99.45,False,0.818146,1.0,여름,0.38261,가을,
HCCC_02,ch9bdaofYxM,갯마을 차차차,101.7,107.55,False,0.856744,1.0,여름,0.48141,겨울,
HCCC_02,ch9bdaofYxM,갯마을 차차차,108.45,116.8,False,0.796031,1.0,여름,0.33226,겨울,입력 계절 단서 부족(여름 0.332)
HCCC_02,ch9bdaofYxM,갯마을 차차차,123.172,133.172,False,0.85955,1.0,여름,0.54958,여름,
HCCC_02,ch9bdaofYxM,갯마을 차차차,140.517,150.517,False,0.804835,1.0,여름,0.32072,겨울,입력 계절 단서 부족(여름 0.321) / 다른 계절 단서가 더 강함(겨울)
HCCC_02,ch9bdaofYxM,갯마을 차차차,156.55,166.55,False,0.817524,1.0,여름,0.39121,가을,다른 계절 단서가 더 강함(가을)
HCCC_03,wi11R_vDBmE,갯마을 차차차,11.95,16.55,False,0.69735,0.96186,여름,0.2218,겨울,암부 비율 초과(41.2%) / 입력 계절 단서 부족(여름 0.222) / 다른 계절 단서가 더 강함(겨울)
HCCC_03,wi11R_vDBmE,갯마을 차차차,17.45,25.05,False,0.729169,0.99085,여름,0.1668,겨울,암부 비율 초과(41.8%) / 입력 계절 단서 부족(여름 0.167) / 다른 계절 단서가 더 강함(겨울)
OURBLUES_01,1r7a5mLNGRQ,우리들의 블루스,9.45,15.55,False,0.803438,1.0,여름,0.23892,겨울,입력 계절 단서 부족(여름 0.239) / 다른 계절 단서가 더 강함(겨울)
OURBLUES_01,1r7a5mLNGRQ,우리들의 블루스,16.45,25.55,False,0.7519,1.0,여름,0.11699,겨울,입력 계절 단서 부족(여름 0.117) / 다른 계절 단서가 더 강함(겨울)
OURBLUES_01,1r7a5mLNGRQ,우리들의 블루스,31.95,36.3,False,0.746532,1.0,여름,0.1796,겨울,입력 계절 단서 부족(여름 0.180) / 다른 계절 단서가 더 강함(겨울)
OURBLUES_01,1r7a5mLNGRQ,우리들의 블루스,58.45,66.55,False,0.753579,1.0,여름,0.17892,겨울,입력 계절 단서 부족(여름 0.179) / 다른 계절 단서가 더 강함(겨울)
OURBLUES_01,1r7a5mLNGRQ,우리들의 블루스,67.45,77.45,False,0.799102,1.0,여름,0.42395,겨울,다른 계절 단서가 더 강함(겨울)
OURBLUES_03,Oeme18IdNzw,우리들의 블루스,6.7,10.85,False,0.669679,0.79352,여름,0.22267,겨울,입력 계절 단서 부족(여름 0.223) / 다른 계절 단서가 더 강함(겨울)
OURBLUES_04,e6FvfWF4uVg,우리들의 블루스,125.95,134.55,False,0.796334,1.0,여름,0.29714,겨울,입력 계절 단서 부족(여름 0.297) / 다른 계절 단서가 더 강함(겨울)
OURBLUES_04,e6FvfWF4uVg,우리들의 블루스,135.45,139.3,False,0.770265,1.0,여름,0.16615,겨울,입력 계절 단서 부족(여름 0.166) / 다른 계절 단서가 더 강함(겨울)
OURBLUES_04,e6FvfWF4uVg,우리들의 블루스,150.7,155.8,False,0.805189,1.0,여름,0.39627,가을,다른 계절 단서가 더 강함(가을)
OURBLUES_04,e6FvfWF4uVg,우리들의 블루스,156.7,162.55,False,0.860834,1.0,봄,0.46375,가을,다른 계절 단서가 더 강함(가을)
OURBLUES_04,e6FvfWF4uVg,우리들의 블루스,166.95,172.05,True,0.807013,1.0,여름,0.42539,여름,
OURBLUES_04,e6FvfWF4uVg,우리들의 블루스,172.95,181.3,False,0.815092,1.0,봄,0.40447,가을,다른 계절 단서가 더 강함(가을)
OURBLUES_04,e6FvfWF4uVg,우리들의 블루스,189.45,199.45,False,0.829417,1.0,여름,0.40487,가을,다른 계절 단서가 더 강함(가을)
OURBLUES_04,e6FvfWF4uVg,우리들의 블루스,214.45,220.05,False,0.806228,1.0,여름,0.23116,가을,입력 계절 단서 부족(여름 0.231) / 다른 계절 단서가 더 강함(가을)
OURBLUES_04,e6FvfWF4uVg,우리들의 블루스,220.95,227.3,False,0.820182,1.0,여름,0.39982,가을,다른 계절 단서가 더 강함(가을)
OURBLUES_04,e6FvfWF4uVg,우리들의 블루스,228.3,238.3,False,0.757422,1.0,봄,0.31188,가을,과노출 비율 초과(27.2%) / 입력 계절 단서 부족(봄 0.312) / 다른 계절 단서가 더 강함(가을)
OURBLUES_04,e6FvfWF4uVg,우리들의 블루스,243.55,253.55,False,0.822575,1.0,여름,0.36843,가을,입력 계절 단서 부족(여름 0.368) / 다른 계절 단서가 더 강함(가을)
OURBLUES_04,e6FvfWF4uVg,우리들의 블루스,264.95,269.3,False,0.820954,1.0,봄,0.40173,가을,다른 계절 단서가 더 강함(가을)
OURBLUES_04,e6FvfWF4uVg,우리들의 블루스,270.2,277.55,False,0.831778,1.0,봄,0.34403,가을,입력 계절 단서 부족(봄 0.344) / 다른 계절 단서가 더 강함(가을)
OURBLUES_04,e6FvfWF4uVg,우리들의 블루스,278.45,284.3,False,0.795033,1.0,여름,0.34498,겨울,입력 계절 단서 부족(여름 0.345)
OURBLUES_04,e6FvfWF4uVg,우리들의 블루스,285.2,289.05,False,0.802934,1.0,여름,0.33242,겨울,입력 계절 단서 부족(여름 0.332) / 다른 계절 단서가 더 강함(겨울)
OURBLUES_04,e6FvfWF4uVg,우리들의 블루스,289.95,297.85,False,0.841977,1.0,여름,0.37553,가을,입력 계절 단서 부족(여름 0.376) / 다른 계절 단서가 더 강함(가을)
OURBLUES_05,Lb3DGOdPafU,우리들의 블루스,1.325,11.325,True,0.637092,0.64547,여름,0.42114,여름,
OURBLUES_07,fr03aYy-ZfI,우리들의 블루스,0.15,10.15,True,0.897703,1.0,여름,0.75013,여름,
OURBLUES_07,fr03aYy-ZfI,우리들의 블루스,21.2,29.8,False,0.757613,1.0,여름,0.19941,가을,입력 계절 단서 부족(여름 0.199) / 다른 계절 단서가 더 강함(가을)
OURBLUES_07,fr03aYy-ZfI,우리들의 블루스,45.3,55.3,True,0.884849,1.0,여름,0.6487,여름,
OURBLUES_07,fr03aYy-ZfI,우리들의 블루스,56.2,66.2,False,0.819391,1.0,여름,0.44418,겨울,
OURBLUES_07,fr03aYy-ZfI,우리들의 블루스,126.718,136.718,False,0.804008,1.0,여름,0.27637,겨울,입력 계절 단서 부족(여름 0.276) / 다른 계절 단서가 더 강함(겨울)
OURBLUES_07,fr03aYy-ZfI,우리들의 블루스,163.191,173.191,False,0.793392,1.0,여름,0.2435,겨울,입력 계절 단서 부족(여름 0.243) / 다른 계절 단서가 더 강함(겨울)
OURBLUES_07,fr03aYy-ZfI,우리들의 블루스,177.209,187.209,False,0.827033,1.0,여름,0.38359,겨울,다른 계절 단서가 더 강함(겨울)
OURBLUES_07,fr03aYy-ZfI,우리들의 블루스,210.263,220.263,True,0.916103,1.0,여름,0.756,여름,
OURBLUES_07,fr03aYy-ZfI,우리들의 블루스,281.644,291.644,False,0.680375,1.0,여름,0.10941,겨울,암부 비율 초과(63.7%) / 입력 계절 단서 부족(여름 0.109) / 다른 계절 단서가 더 강함(겨울)
OURBLUES_07,fr03aYy-ZfI,우리들의 블루스,330.835,340.835,False,0.809653,1.0,봄,0.34016,가을,입력 계절 단서 부족(봄 0.340) / 다른 계절 단서가 더 강함(가을)
OURBLUES_07,fr03aYy-ZfI,우리들의 블루스,388.475,398.475,False,0.793235,1.0,봄,0.19527,가을,입력 계절 단서 부족(봄 0.195) / 다른 계절 단서가 더 강함(가을)
CLOY_01,VNXXMn8pgiE,사랑의 불시착,3.45,7.3,False,0.823416,1.0,봄,0.40617,겨울,다른 계절 단서가 더 강함(겨울)
CLOY_01,VNXXMn8pgiE,사랑의 불시착,11.7,16.55,False,0.776253,0.94952,봄,0.39103,겨울,다른 계절 단서가 더 강함(겨울)
CLOY_01,VNXXMn8pgiE,사랑의 불시착,25.95,29.55,False,0.85733,1.0,봄,0.5153,가을,다른 계절 단서가 더 강함(가을)
CLOY_01,VNXXMn8pgiE,사랑의 불시착,46.45,51.55,False,0.818873,0.94888,봄,0.47962,여름,다른 계절 단서가 더 강함(여름)
CLOY_02,yb4qs4kRVG4,사랑의 불시착,27.722,37.722,True,0.882519,1.0,겨울,0.74221,겨울,
CLOY_02,yb4qs4kRVG4,사랑의 불시착,41.7,46.3,False,0.504343,0.38055,겨울,0.65946,겨울,구간 중앙 선명도 부족(0.381) / 대표 프레임 선명도 부족(0.444) / 흐린 프레임 비율 초과(70.0%)
CLOY_02,yb4qs4kRVG4,사랑의 불시착,48.8,58.8,False,0.709598,0.84237,겨울,0.32117,겨울,입력 계절 단서 부족(겨울 0.321)
CLOY_02,yb4qs4kRVG4,사랑의 불시착,59.7,69.7,True,0.920929,1.0,겨울,0.89666,겨울,
CLOY_02,yb4qs4kRVG4,사랑의 불시착,87.7,93.55,False,0.878471,1.0,겨울,0.71908,가을,
CLOY_02,yb4qs4kRVG4,사랑의 불시착,127.85,137.85,True,0.907169,1.0,겨울,0.87875,겨울,
GOBLIN_01,mCeMgl6rR-U,도깨비,202.95,206.85,True,0.827632,0.89237,겨울,0.76386,겨울,
GOBLIN_02,vzS5MqlN-wU,도깨비,0.15,4.55,False,0.673284,0.77369,겨울,0.34106,여름,흐린 프레임 비율 초과(40.0%) / 입력 계절 단서 부족(겨울 0.341)
GOBLIN_02,vzS5MqlN-wU,도깨비,13.7,17.85,True,0.773981,0.84726,겨울,0.62717,겨울,
GOBLIN_03,2jiJ9CCzclg,도깨비,0.15,10.15,True,0.779644,0.87268,겨울,0.50314,겨울,
GOBLIN_03,2jiJ9CCzclg,도깨비,12.25,22.25,True,0.695369,0.6305,겨울,0.6534,겨울,
GOBLIN_03,2jiJ9CCzclg,도깨비,23.2,27.85,True,0.849808,0.88003,겨울,0.87253,겨울,
GOBLIN_04,89CfEae8uRI,도깨비,0.15,7.8,False,0.843199,1.0,겨울,0.37735,가을,입력 계절 단서 부족(겨울 0.377) / 다른 계절 단서가 더 강함(가을)
GOBLIN_04,89CfEae8uRI,도깨비,8.7,12.8,False,0.791327,1.0,겨울,0.2731,여름,입력 계절 단서 부족(겨울 0.273) / 다른 계절 단서가 더 강함(여름)
GOBLIN_04,89CfEae8uRI,도깨비,17.2,21.05,False,0.845035,1.0,겨울,0.44998,가을,다른 계절 단서가 더 강함(가을)
GOBLIN_04,89CfEae8uRI,도깨비,30.2,40.2,False,0.785584,1.0,겨울,0.26571,가을,입력 계절 단서 부족(겨울 0.266) / 다른 계절 단서가 더 강함(가을)
GOBLIN_04,89CfEae8uRI,도깨비,42.95,52.95,False,0.816781,1.0,겨울,0.36724,가을,입력 계절 단서 부족(겨울 0.367) / 다른 계절 단서가 더 강함(가을)
GOBLIN_04,89CfEae8uRI,도깨비,55.45,65.45,False,0.811987,1.0,겨울,0.36579,가을,입력 계절 단서 부족(겨울 0.366) / 다른 계절 단서가 더 강함(가을)
GOBLIN_04,89CfEae8uRI,도깨비,66.7,71.05,False,0.778276,1.0,겨울,0.19682,가을,입력 계절 단서 부족(겨울 0.197) / 다른 계절 단서가 더 강함(가을)
GOBLIN_04,89CfEae8uRI,도깨비,76.2,83.8,False,0.840143,1.0,겨울,0.4787,가을,다른 계절 단서가 더 강함(가을)
GOBLIN_04,89CfEae8uRI,도깨비,84.7,92.05,True,0.849936,1.0,겨울,0.45878,겨울,
GOBLIN_04,89CfEae8uRI,도깨비,92.95,98.8,False,0.846276,1.0,겨울,0.39687,가을,다른 계절 단서가 더 강함(가을)
GOBLIN_04,89CfEae8uRI,도깨비,99.7,104.55,False,0.815164,1.0,겨울,0.25676,가을,입력 계절 단서 부족(겨울 0.257) / 다른 계절 단서가 더 강함(가을)
GOBLIN_04,89CfEae8uRI,도깨비,111.74,121.74,False,0.810169,1.0,겨울,0.34482,가을,입력 계절 단서 부족(겨울 0.345) / 다른 계절 단서가 더 강함(가을)
GOBLIN_04,89CfEae8uRI,도깨비,129.95,134.85,False,0.805505,1.0,겨울,0.43924,겨울,암부 비율 초과(33.6%)
hotel_deluna_mangsang_02,7ir6-MekfHU,호텔 델루나,0.15,4.55,False,0.650007,0.53484,여름,0.43886,가을,다른 계절 단서가 더 강함(가을)
hotel_deluna_mangsang_02,7ir6-MekfHU,호텔 델루나,9.45,16.3,True,0.692419,0.70949,여름,0.4068,여름,
hotel_deluna_mangsang_02,7ir6-MekfHU,호텔 델루나,31.45,37.3,True,0.748974,0.81211,여름,0.45266,겨울,
hotel_deluna_paradise_01,ju15D1xTvVU,호텔 델루나,11.2,19.8,True,0.884711,0.91594,가을,0.8493,가을,
hotel_deluna_paradise_01,ju15D1xTvVU,호텔 델루나,38.2,41.8,True,0.758562,0.77088,가을,0.64588,가을,
kingdom_gyeongbok_01,yZeNfaIK7Nw,킹덤,1.177,11.177,True,0.896746,1.0,가을,0.76347,가을,
kingdom_gyeongbok_01,yZeNfaIK7Nw,킹덤,35.7,45.7,True,0.892253,1.0,가을,0.75123,가을,
kingdom_gyeongbok_01,yZeNfaIK7Nw,킹덤,66.1,76.1,True,0.871767,1.0,겨울,0.63899,겨울,
kingdom_gyeongbok_01,yZeNfaIK7Nw,킹덤,79.2,87.3,False,0.841018,1.0,가을,0.46543,가을,
kingdom_gyeongbok_01,yZeNfaIK7Nw,킹덤,99.671,109.671,False,0.820128,1.0,겨울,0.43974,겨울,
kingdom_changdeok_01,i2ZuU6szFWE,킹덤,0.15,10.15,False,0.864712,1.0,겨울,0.62908,겨울,
kingdom_changdeok_01,i2ZuU6szFWE,킹덤,11.2,21.2,True,0.872428,1.0,겨울,0.6597,겨울,
kingdom_changdeok_01,i2ZuU6szFWE,킹덤,29.55,39.55,True,0.86528,1.0,겨울,0.60591,겨울,
kingdom_changdeok_01,i2ZuU6szFWE,킹덤,40.45,45.05,True,0.905434,1.0,겨울,0.8539,겨울,
kingdom_changdeok_01,i2ZuU6szFWE,킹덤,45.95,50.3,False,0.857462,1.0,여름,0.58993,여름,
kingdom_changdeok_01,i2ZuU6szFWE,킹덤,51.2,55.55,False,0.852838,1.0,겨울,0.55256,겨울,
kingdom_changdeok_01,i2ZuU6szFWE,킹덤,56.45,60.3,False,0.846158,1.0,가을,0.55943,가을,
kingdom_changdeok_01,i2ZuU6szFWE,킹덤,67.286,77.286,False,0.84558,1.0,겨울,0.46889,겨울,
kingdom_changdeok_01,i2ZuU6szFWE,킹덤,79.2,84.85,False,0.633058,0.72871,겨울,0.87008,겨울,화면이 너무 밝음(253.4) / 과노출 비율 초과(99.0%)
kingdom_changdeok_02,c4OOEsGS7Cc,킹덤,11.2,14.8,True,0.757208,0.83363,가을,0.73022,가을,
kingdom_changdeok_02,c4OOEsGS7Cc,킹덤,22.2,27.85,True,0.897374,0.96406,가을,0.83301,가을,
WTWIF_01,m1hv20znDdU,날씨가 좋으면 찾아가겠어요,3.65,13.65,False,0.81724,0.98485,겨울,0.43023,가을,다른 계절 단서가 더 강함(가을)
WTWIF_02,bU-dyF_Gsk8,날씨가 좋으면 찾아가겠어요,2.383,12.383,True,0.897273,0.94301,겨울,0.85807,겨울,
WTWIF_03,7oeOss6ffuw,날씨가 좋으면 찾아가겠어요,5.95,9.55,True,0.823075,1.0,겨울,0.43882,겨울,
WTWIF_03,7oeOss6ffuw,날씨가 좋으면 찾아가겠어요,14.7,18.3,False,0.849619,1.0,겨울,0.48781,가을,다른 계절 단서가 더 강함(가을)
WTWIF_03,7oeOss6ffuw,날씨가 좋으면 찾아가겠어요,24.95,28.8,False,0.824143,1.0,겨울,0.46573,가을,다른 계절 단서가 더 강함(가을)
WTWIF_03,7oeOss6ffuw,날씨가 좋으면 찾아가겠어요,40.8,50.8,False,0.840788,1.0,겨울,0.50529,가을,다른 계절 단서가 더 강함(가을)
WTWIF_03,7oeOss6ffuw,날씨가 좋으면 찾아가겠어요,61.2,65.55,False,0.803006,1.0,겨울,0.32134,가을,입력 계절 단서 부족(겨울 0.321) / 다른 계절 단서가 더 강함(가을)
WTWIF_03,7oeOss6ffuw,날씨가 좋으면 찾아가겠어요,68.45,73.8,False,0.820864,1.0,겨울,0.38262,가을,다른 계절 단서가 더 강함(가을)
WTWIF_03,7oeOss6ffuw,날씨가 좋으면 찾아가겠어요,78.45,85.55,False,0.826119,1.0,겨울,0.37788,겨울,입력 계절 단서 부족(겨울 0.378)
WTWIF_03,7oeOss6ffuw,날씨가 좋으면 찾아가겠어요,89.2,97.85,False,0.797397,1.0,겨울,0.3499,가을,입력 계절 단서 부족(겨울 0.350)
DIVA_01,dI3Z5u9N0ew,무인도의 디바,0.15,10.15,False,0.743602,0.91471,봄,0.29844,겨울,입력 계절 단서 부족(봄 0.298) / 다른 계절 단서가 더 강함(겨울)
DIVA_01,dI3Z5u9N0ew,무인도의 디바,12.45,17.05,False,0.741897,0.89638,봄,0.3706,가을,입력 계절 단서 부족(봄 0.371) / 다른 계절 단서가 더 강함(가을)
DIVA_01,dI3Z5u9N0ew,무인도의 디바,17.95,22.55,False,0.823314,0.95106,여름,0.40167,가을,다른 계절 단서가 더 강함(가을)
DIVA_01,dI3Z5u9N0ew,무인도의 디바,27.2,30.85,False,0.780231,0.97172,여름,0.3232,가을,입력 계절 단서 부족(여름 0.323)
DIVA_02,n6_TzBPBYUU,무인도의 디바,0.15,10.15,True,0.691616,0.74908,여름,0.43016,여름,
DIVA_02,n6_TzBPBYUU,무인도의 디바,11.2,16.85,False,0.716876,0.71547,여름,0.36538,여름,입력 계절 단서 부족(여름 0.365)
DIVA_03,oetlLeT3dmo,무인도의 디바,1.187,11.187,False,0.712755,0.93339,봄,0.16431,겨울,입력 계절 단서 부족(봄 0.164) / 다른 계절 단서가 더 강함(겨울)
LITC_01,DGRMHeI8Wt8,도시남녀의 사랑법,275.15,285.15,True,0.893562,1.0,가을,0.86136,가을,
LITC_01,DGRMHeI8Wt8,도시남녀의 사랑법,296.7,306.7,False,0.745917,1.0,가을,0.48666,가을,화면이 너무 어두움(34.7) / 암부 비율 초과(76.1%)
LITC_01,DGRMHeI8Wt8,도시남녀의 사랑법,320.95,329.05,True,0.842637,1.0,여름,0.47039,여름,
